6,12,1,Dist. and Sessions  Judge Court,202500000902016
6,12,1,Dist. and Sessions  Judge Court,206900000132017
6,12,1,Dist. and Sessions  Judge Court,206900000092017
6,12,1,Dist. and Sessions  Judge Court,206900000042017
6,12,1,Dist. and Sessions  Judge Court,206900000482016
6,12,1,Dist. and Sessions  Judge Court,206900000472016
6,12,1,Dist. and Sessions  Judge Court,206900000462016
6,12,1,Dist. and Sessions  Judge Court,206900000432016
6,12,1,Dist. and Sessions  Judge Court,206900000422016
6,12,1,Dist. and Sessions  Judge Court,206900000402016
6,12,1,Dist. and Sessions  Judge Court,206900000382016
6,12,1,Dist. and Sessions  Judge Court,206900000372016
6,12,1,Dist. and Sessions  Judge Court,206900000362016
6,12,1,Dist. and Sessions  Judge Court,206900000352016
6,12,1,Dist. and Sessions  Judge Court,206900000322016
6,12,1,Dist. and Sessions  Judge Court,206900000302016
6,12,1,Dist. and Sessions  Judge Court,206900000282016
6,12,1,Dist. and Sessions  Judge Court,206900000252016
6,12,1,Dist. and Sessions  Judge Court,206900000242016
6,12,1,Dist. and Sessions  Judge Court,206900000212016
6,12,1,Dist. and Sessions  Judge Court,206900000162016
6,12,1,Dist. and Sessions  Judge Court,206900000122016
6,12,1,Dist. and Sessions  Judge Court,206900000102016
6,12,1,Dist. and Sessions  Judge Court,206900000052016
6,12,1,Dist. and Sessions  Judge Court,206900000232015
6,12,1,Dist. and Sessions  Judge Court,206900000192015
6,12,1,Dist. and Sessions  Judge Court,206900000132015
6,12,1,Dist. and Sessions  Judge Court,206900000122015
6,12,1,Dist. and Sessions  Judge Court,206900000062015
6,12,1,Dist. and Sessions  Judge Court,206900000022015
6,12,1,Dist. and Sessions  Judge Court,206900000052014
6,12,1,Dist. and Sessions  Judge Court,206900000042014
