6,2,2,District and Sessions  Judge,200300000972020
6,2,2,District and Sessions  Judge,200300000832020
6,2,2,District and Sessions  Judge,200300000462020
6,2,2,District and Sessions  Judge,200300002442019
6,2,2,District and Sessions  Judge,200300001642019
6,2,2,District and Sessions  Judge,200300000272019
6,2,2,District and Sessions  Judge,200300000182019
6,2,2,District and Sessions  Judge,200300005412018
6,2,2,District and Sessions  Judge,200300005402018
6,2,2,District and Sessions  Judge,200300005282018
6,2,2,District and Sessions  Judge,200300005122018
6,2,2,District and Sessions  Judge,200300002092018
6,2,2,District and Sessions  Judge,200300000712018
6,2,2,District and Sessions  Judge,200300000312018
6,2,2,District and Sessions  Judge,200300005032017
6,2,2,District and Sessions  Judge,200300004842017
6,2,2,District and Sessions  Judge,200300003472017
6,2,2,District and Sessions  Judge,200300003172017
6,2,2,District and Sessions  Judge,200300003082017
6,2,2,District and Sessions  Judge,200300002712017
6,2,2,District and Sessions  Judge,200300002692017
6,2,2,District and Sessions  Judge,200300004762014
6,2,2,District and Sessions  Judge,202500002732014
6,2,2,District and Sessions  Judge,206800004282019
6,2,2,District and Sessions  Judge,206800002902019
6,2,2,District and Sessions  Judge,206800000642019
6,2,2,District and Sessions  Judge,206800000372019
6,2,2,District and Sessions  Judge,206800007992014
6,2,2,District and Sessions  Judge,206800007002014
6,2,2,District and Sessions  Judge,206800005672014
6,2,2,District and Sessions  Judge,206800005632014
6,2,2,District and Sessions  Judge,208200000872019
6,2,2,District and Sessions  Judge,209000000072019
6,2,2,District and Sessions  Judge,209000000052019
6,2,2,District and Sessions  Judge,209000000682018
6,2,2,District and Sessions  Judge,209000000582018
6,2,2,District and Sessions  Judge,209000000432018
6,2,2,District and Sessions  Judge,209000000422018
6,2,2,District and Sessions  Judge,209000000372018
6,2,2,District and Sessions  Judge,209000000322018
6,2,2,District and Sessions  Judge,209000000292018
6,2,2,District and Sessions  Judge,209000000282018
6,2,2,District and Sessions  Judge,209000000272018
6,2,2,District and Sessions  Judge,209000000222018
6,2,2,District and Sessions  Judge,209000000182018
6,2,2,District and Sessions  Judge,209000000162018
6,2,2,District and Sessions  Judge,209000000082018
6,2,2,District and Sessions  Judge,209000000062018
6,2,2,District and Sessions  Judge,209000000032018
6,2,2,District and Sessions  Judge,209000000012018
6,2,2,District and Sessions  Judge,209000000732017
6,2,2,District and Sessions  Judge,209000000712017
6,2,2,District and Sessions  Judge,209000000692017
6,2,2,District and Sessions  Judge,209000000682017
6,2,2,District and Sessions  Judge,209000000672017
6,2,2,District and Sessions  Judge,209000000662017
6,2,2,District and Sessions  Judge,209000000632017
6,2,2,District and Sessions  Judge,209000000612017
6,2,2,District and Sessions  Judge,209000000602017
6,2,2,District and Sessions  Judge,209000000582017
6,2,2,District and Sessions  Judge,209000000572017
6,2,2,District and Sessions  Judge,209000000562017
6,2,2,District and Sessions  Judge,209000000552017
6,2,2,District and Sessions  Judge,209000000542017
6,2,2,District and Sessions  Judge,209000000512017
6,2,2,District and Sessions  Judge,209000000502017
6,2,2,District and Sessions  Judge,209000000482017
6,2,2,District and Sessions  Judge,209000000462017
6,2,2,District and Sessions  Judge,209000000452017
6,2,2,District and Sessions  Judge,209000000442017
6,2,2,District and Sessions  Judge,209000000362017
6,2,2,District and Sessions  Judge,209000000182016
6,2,2,District and Sessions  Judge,209000000172016
6,2,2,District and Sessions  Judge,209000000162016
6,2,2,District and Sessions  Judge,209000000372015
6,2,2,District and Sessions  Judge,209000000362015
6,2,2,District and Sessions  Judge,209000000352015
6,2,2,District and Sessions  Judge,209000000032015
