6,2,9,Margherita Addl District Judge,209000000072020
6,2,9,Margherita Addl District Judge,209000000062020
6,2,9,Margherita Addl District Judge,209000000052020
6,2,9,Margherita Addl District Judge,209000000042020
6,2,9,Margherita Addl District Judge,209000000312019
6,2,9,Margherita Addl District Judge,209000000302019
6,2,9,Margherita Addl District Judge,209000000292019
6,2,9,Margherita Addl District Judge,209000000282019
6,2,9,Margherita Addl District Judge,209000000272019
6,2,9,Margherita Addl District Judge,209000000262019
6,2,9,Margherita Addl District Judge,209000000252019
6,2,9,Margherita Addl District Judge,209000000242019
6,2,9,Margherita Addl District Judge,209000000232019
6,2,9,Margherita Addl District Judge,209000000222019
6,2,9,Margherita Addl District Judge,209000000212019
6,2,9,Margherita Addl District Judge,209000000202019
6,2,9,Margherita Addl District Judge,209000000192019
6,2,9,Margherita Addl District Judge,209000000182019
6,2,9,Margherita Addl District Judge,209000000172019
6,2,9,Margherita Addl District Judge,209000000152019
6,2,9,Margherita Addl District Judge,209000000142019
6,2,9,Margherita Addl District Judge,209000000132019
6,2,9,Margherita Addl District Judge,209000000102019
6,2,9,Margherita Addl District Judge,209000000092019
6,2,9,Margherita Addl District Judge,209000000082019
6,2,9,Margherita Addl District Judge,209000000072019
6,2,9,Margherita Addl District Judge,209000000062019
6,2,9,Margherita Addl District Judge,209000000042019
6,2,9,Margherita Addl District Judge,209000000032019
6,2,9,Margherita Addl District Judge,209000000012019
6,2,9,Margherita Addl District Judge,209000000212018
6,2,9,Margherita Addl District Judge,209000000202018
6,2,9,Margherita Addl District Judge,209000000192018
6,2,9,Margherita Addl District Judge,209000000182018
6,2,9,Margherita Addl District Judge,209000000172018
6,2,9,Margherita Addl District Judge,209000000162018
6,2,9,Margherita Addl District Judge,209000000152018
6,2,9,Margherita Addl District Judge,209000000122018
6,2,9,Margherita Addl District Judge,209000000112018
6,2,9,Margherita Addl District Judge,209000000102018
6,2,9,Margherita Addl District Judge,209000000092018
6,2,9,Margherita Addl District Judge,209000000082018
6,2,9,Margherita Addl District Judge,209000000072018
6,2,9,Margherita Addl District Judge,209000000062018
6,2,9,Margherita Addl District Judge,209000000052018
6,2,9,Margherita Addl District Judge,209000000042018
6,2,9,Margherita Addl District Judge,209000000032018
6,2,9,Margherita Addl District Judge,209000000022018
6,2,9,Margherita Addl District Judge,209000000012018
