6,16,8,Bilasipara Addl District Judge,206900000162017
6,16,8,Bilasipara Addl District Judge,206900000152017
6,16,8,Bilasipara Addl District Judge,206900000072017
6,16,8,Bilasipara Addl District Judge,206900000052017
6,16,8,Bilasipara Addl District Judge,206900000082016
6,16,8,Bilasipara Addl District Judge,206900000012015
6,16,8,Bilasipara Addl District Judge,210800000022020
6,16,8,Bilasipara Addl District Judge,210800000322019
6,16,8,Bilasipara Addl District Judge,210800000312019
6,16,8,Bilasipara Addl District Judge,210800000262019
6,16,8,Bilasipara Addl District Judge,210800000202019
6,16,8,Bilasipara Addl District Judge,210800000192019
6,16,8,Bilasipara Addl District Judge,210800000182019
6,16,8,Bilasipara Addl District Judge,210800000162019
6,16,8,Bilasipara Addl District Judge,210800000142019
6,16,8,Bilasipara Addl District Judge,210800000132019
6,16,8,Bilasipara Addl District Judge,210800000122019
6,16,8,Bilasipara Addl District Judge,210800000092019
6,16,8,Bilasipara Addl District Judge,210800000082019
6,16,8,Bilasipara Addl District Judge,210800000072019
6,16,8,Bilasipara Addl District Judge,210800000062019
6,16,8,Bilasipara Addl District Judge,210800000042019
6,16,8,Bilasipara Addl District Judge,210800000032019
6,16,8,Bilasipara Addl District Judge,210800000012019
6,16,8,Bilasipara Addl District Judge,210800000122018
6,16,8,Bilasipara Addl District Judge,210800000112018
6,16,8,Bilasipara Addl District Judge,210800000102018
6,16,8,Bilasipara Addl District Judge,210800000092018
6,16,8,Bilasipara Addl District Judge,210800000082018
6,16,8,Bilasipara Addl District Judge,210800000072018
6,16,8,Bilasipara Addl District Judge,210800000062018
6,16,8,Bilasipara Addl District Judge,210800000052018
6,16,8,Bilasipara Addl District Judge,210800000042018
6,16,8,Bilasipara Addl District Judge,210800000032018
6,16,8,Bilasipara Addl District Judge,210800000012018
6,16,8,Bilasipara Addl District Judge,210800000192017
6,16,8,Bilasipara Addl District Judge,210800000182017
6,16,8,Bilasipara Addl District Judge,210800000122017
6,16,8,Bilasipara Addl District Judge,210800000102017
6,16,8,Bilasipara Addl District Judge,210800000042017
6,16,8,Bilasipara Addl District Judge,210800000012017
6,16,8,Bilasipara Addl District Judge,210800000102016
