6,6,7,Addl. District and Sessions Judge Biswanath Chariali,208300001492019
6,6,7,Addl. District and Sessions Judge Biswanath Chariali,209300000132020
6,6,7,Addl. District and Sessions Judge Biswanath Chariali,209300000112020
6,6,7,Addl. District and Sessions Judge Biswanath Chariali,209300000092020
6,6,7,Addl. District and Sessions Judge Biswanath Chariali,209300000082020
6,6,7,Addl. District and Sessions Judge Biswanath Chariali,209300000062020
6,6,7,Addl. District and Sessions Judge Biswanath Chariali,209300000042020
6,6,7,Addl. District and Sessions Judge Biswanath Chariali,209300000032020
6,6,7,Addl. District and Sessions Judge Biswanath Chariali,209300000552019
6,6,7,Addl. District and Sessions Judge Biswanath Chariali,209300000532019
6,6,7,Addl. District and Sessions Judge Biswanath Chariali,209300000502019
6,6,7,Addl. District and Sessions Judge Biswanath Chariali,209300000492019
6,6,7,Addl. District and Sessions Judge Biswanath Chariali,209300000482019
6,6,7,Addl. District and Sessions Judge Biswanath Chariali,209300000472019
6,6,7,Addl. District and Sessions Judge Biswanath Chariali,209300000442019
6,6,7,Addl. District and Sessions Judge Biswanath Chariali,209300000412019
6,6,7,Addl. District and Sessions Judge Biswanath Chariali,209300000392019
6,6,7,Addl. District and Sessions Judge Biswanath Chariali,209300000382019
6,6,7,Addl. District and Sessions Judge Biswanath Chariali,209300000362019
6,6,7,Addl. District and Sessions Judge Biswanath Chariali,209300000342019
6,6,7,Addl. District and Sessions Judge Biswanath Chariali,209300000302019
6,6,7,Addl. District and Sessions Judge Biswanath Chariali,209300000292019
6,6,7,Addl. District and Sessions Judge Biswanath Chariali,209300000282019
6,6,7,Addl. District and Sessions Judge Biswanath Chariali,209300000252019
6,6,7,Addl. District and Sessions Judge Biswanath Chariali,209300000242019
6,6,7,Addl. District and Sessions Judge Biswanath Chariali,209300000232019
6,6,7,Addl. District and Sessions Judge Biswanath Chariali,209300000212019
6,6,7,Addl. District and Sessions Judge Biswanath Chariali,209300000172019
6,6,7,Addl. District and Sessions Judge Biswanath Chariali,209300000162019
6,6,7,Addl. District and Sessions Judge Biswanath Chariali,209300000142019
6,6,7,Addl. District and Sessions Judge Biswanath Chariali,209300000122019
6,6,7,Addl. District and Sessions Judge Biswanath Chariali,209300000082019
6,6,7,Addl. District and Sessions Judge Biswanath Chariali,209300000062019
6,6,7,Addl. District and Sessions Judge Biswanath Chariali,209300000032019
6,6,7,Addl. District and Sessions Judge Biswanath Chariali,209300000602018
6,6,7,Addl. District and Sessions Judge Biswanath Chariali,209300000572018
6,6,7,Addl. District and Sessions Judge Biswanath Chariali,209300000532018
6,6,7,Addl. District and Sessions Judge Biswanath Chariali,209300000512018
6,6,7,Addl. District and Sessions Judge Biswanath Chariali,209300000502018
6,6,7,Addl. District and Sessions Judge Biswanath Chariali,209300000482018
6,6,7,Addl. District and Sessions Judge Biswanath Chariali,209300000462018
6,6,7,Addl. District and Sessions Judge Biswanath Chariali,209300000442018
6,6,7,Addl. District and Sessions Judge Biswanath Chariali,209300000422018
6,6,7,Addl. District and Sessions Judge Biswanath Chariali,209300000412018
6,6,7,Addl. District and Sessions Judge Biswanath Chariali,209300000392018
6,6,7,Addl. District and Sessions Judge Biswanath Chariali,209300000382018
6,6,7,Addl. District and Sessions Judge Biswanath Chariali,209300000372018
6,6,7,Addl. District and Sessions Judge Biswanath Chariali,209300000362018
6,6,7,Addl. District and Sessions Judge Biswanath Chariali,209300000352018
6,6,7,Addl. District and Sessions Judge Biswanath Chariali,209300000332018
6,6,7,Addl. District and Sessions Judge Biswanath Chariali,209300000272018
6,6,7,Addl. District and Sessions Judge Biswanath Chariali,209300000262018
6,6,7,Addl. District and Sessions Judge Biswanath Chariali,209300000232018
6,6,7,Addl. District and Sessions Judge Biswanath Chariali,209300000212018
6,6,7,Addl. District and Sessions Judge Biswanath Chariali,209300000192018
6,6,7,Addl. District and Sessions Judge Biswanath Chariali,209300000172018
6,6,7,Addl. District and Sessions Judge Biswanath Chariali,209300000162018
6,6,7,Addl. District and Sessions Judge Biswanath Chariali,209300000152018
6,6,7,Addl. District and Sessions Judge Biswanath Chariali,209300000142018
6,6,7,Addl. District and Sessions Judge Biswanath Chariali,209300000112018
6,6,7,Addl. District and Sessions Judge Biswanath Chariali,209300000102018
6,6,7,Addl. District and Sessions Judge Biswanath Chariali,209300000082018
6,6,7,Addl. District and Sessions Judge Biswanath Chariali,209300000062018
6,6,7,Addl. District and Sessions Judge Biswanath Chariali,209300000052018
6,6,7,Addl. District and Sessions Judge Biswanath Chariali,209300000032018
6,6,7,Addl. District and Sessions Judge Biswanath Chariali,209300000012018
6,6,7,Addl. District and Sessions Judge Biswanath Chariali,209300000252017
6,6,7,Addl. District and Sessions Judge Biswanath Chariali,209300000242017
6,6,7,Addl. District and Sessions Judge Biswanath Chariali,209300000232017
6,6,7,Addl. District and Sessions Judge Biswanath Chariali,209300000212017
6,6,7,Addl. District and Sessions Judge Biswanath Chariali,209300000202017
6,6,7,Addl. District and Sessions Judge Biswanath Chariali,209300000192017
6,6,7,Addl. District and Sessions Judge Biswanath Chariali,209300000182017
6,6,7,Addl. District and Sessions Judge Biswanath Chariali,209300000172017
6,6,7,Addl. District and Sessions Judge Biswanath Chariali,209300000162017
6,6,7,Addl. District and Sessions Judge Biswanath Chariali,209300000152017
6,6,7,Addl. District and Sessions Judge Biswanath Chariali,209300000142017
6,6,7,Addl. District and Sessions Judge Biswanath Chariali,209300000132017
6,6,7,Addl. District and Sessions Judge Biswanath Chariali,209300000112017
6,6,7,Addl. District and Sessions Judge Biswanath Chariali,209300000102017
6,6,7,Addl. District and Sessions Judge Biswanath Chariali,209300000092017
6,6,7,Addl. District and Sessions Judge Biswanath Chariali,209300000082017
6,6,7,Addl. District and Sessions Judge Biswanath Chariali,209300000072017
6,6,7,Addl. District and Sessions Judge Biswanath Chariali,209300000042017
6,6,7,Addl. District and Sessions Judge Biswanath Chariali,209300000032017
6,6,7,Addl. District and Sessions Judge Biswanath Chariali,209300000012017
6,6,7,Addl. District and Sessions Judge Biswanath Chariali,209300000202016
6,6,7,Addl. District and Sessions Judge Biswanath Chariali,209300000182016
6,6,7,Addl. District and Sessions Judge Biswanath Chariali,209300000162016
6,6,7,Addl. District and Sessions Judge Biswanath Chariali,209300000152016
6,6,7,Addl. District and Sessions Judge Biswanath Chariali,209300000142016
6,6,7,Addl. District and Sessions Judge Biswanath Chariali,209300000132016
6,6,7,Addl. District and Sessions Judge Biswanath Chariali,209300000122016
6,6,7,Addl. District and Sessions Judge Biswanath Chariali,209300000112016
6,6,7,Addl. District and Sessions Judge Biswanath Chariali,209300000072016
6,6,7,Addl. District and Sessions Judge Biswanath Chariali,209300000062016
6,6,7,Addl. District and Sessions Judge Biswanath Chariali,209300000052016
6,6,7,Addl. District and Sessions Judge Biswanath Chariali,209300000032016
6,6,7,Addl. District and Sessions Judge Biswanath Chariali,209300000012016
6,6,7,Addl. District and Sessions Judge Biswanath Chariali,209300000082015
6,6,7,Addl. District and Sessions Judge Biswanath Chariali,209300000062015
6,6,7,Addl. District and Sessions Judge Biswanath Chariali,209300000022015
6,6,7,Addl. District and Sessions Judge Biswanath Chariali,209300000052014
