6,5,2,District Judge and Addl. District Judges,200300000452017
6,5,2,District Judge and Addl. District Judges,200300000322017
6,5,2,District Judge and Addl. District Judges,200300002722016
6,5,2,District Judge and Addl. District Judges,200300002292016
6,5,2,District Judge and Addl. District Judges,200300000412016
6,5,2,District Judge and Addl. District Judges,200900000082016
6,5,2,District Judge and Addl. District Judges,202500000712019
6,5,2,District Judge and Addl. District Judges,202500001672014
6,5,2,District Judge and Addl. District Judges,202500001142014
6,5,2,District Judge and Addl. District Judges,206800001082017
6,5,2,District Judge and Addl. District Judges,206800000812017
6,5,2,District Judge and Addl. District Judges,206800000212017
6,5,2,District Judge and Addl. District Judges,206800002982016
6,5,2,District Judge and Addl. District Judges,206800002692016
6,5,2,District Judge and Addl. District Judges,206800002382016
6,5,2,District Judge and Addl. District Judges,206800002202016
6,5,2,District Judge and Addl. District Judges,206800001962016
6,5,2,District Judge and Addl. District Judges,206800001682016
6,5,2,District Judge and Addl. District Judges,206800001622016
6,5,2,District Judge and Addl. District Judges,206800001392016
6,5,2,District Judge and Addl. District Judges,206800001262016
6,5,2,District Judge and Addl. District Judges,206800000992016
6,5,2,District Judge and Addl. District Judges,206800001072015
6,5,2,District Judge and Addl. District Judges,206800001012015
6,5,2,District Judge and Addl. District Judges,206800000562015
6,5,2,District Judge and Addl. District Judges,206900000112020
6,5,2,District Judge and Addl. District Judges,206900000092020
6,5,2,District Judge and Addl. District Judges,206900000072020
6,5,2,District Judge and Addl. District Judges,206900000062020
6,5,2,District Judge and Addl. District Judges,206900000042020
6,5,2,District Judge and Addl. District Judges,206900000032020
6,5,2,District Judge and Addl. District Judges,206900000012020
6,5,2,District Judge and Addl. District Judges,206900001262019
6,5,2,District Judge and Addl. District Judges,206900001242019
6,5,2,District Judge and Addl. District Judges,206900001232019
6,5,2,District Judge and Addl. District Judges,206900001222019
6,5,2,District Judge and Addl. District Judges,206900001212019
6,5,2,District Judge and Addl. District Judges,206900001202019
6,5,2,District Judge and Addl. District Judges,206900001162019
6,5,2,District Judge and Addl. District Judges,206900001152019
6,5,2,District Judge and Addl. District Judges,206900001132019
6,5,2,District Judge and Addl. District Judges,206900001122019
6,5,2,District Judge and Addl. District Judges,206900001112019
6,5,2,District Judge and Addl. District Judges,206900001092019
6,5,2,District Judge and Addl. District Judges,206900001082019
6,5,2,District Judge and Addl. District Judges,206900001072019
6,5,2,District Judge and Addl. District Judges,206900001052019
6,5,2,District Judge and Addl. District Judges,206900001042019
6,5,2,District Judge and Addl. District Judges,206900001022019
6,5,2,District Judge and Addl. District Judges,206900001002019
6,5,2,District Judge and Addl. District Judges,206900000982019
6,5,2,District Judge and Addl. District Judges,206900000932019
6,5,2,District Judge and Addl. District Judges,206900000922019
6,5,2,District Judge and Addl. District Judges,206900000882019
6,5,2,District Judge and Addl. District Judges,206900000862019
6,5,2,District Judge and Addl. District Judges,206900000852019
6,5,2,District Judge and Addl. District Judges,206900000832019
6,5,2,District Judge and Addl. District Judges,206900000772019
6,5,2,District Judge and Addl. District Judges,206900000762019
6,5,2,District Judge and Addl. District Judges,206900000732019
6,5,2,District Judge and Addl. District Judges,206900000692019
6,5,2,District Judge and Addl. District Judges,206900001252018
6,5,2,District Judge and Addl. District Judges,206900000852018
6,5,2,District Judge and Addl. District Judges,206900000832018
6,5,2,District Judge and Addl. District Judges,206900000812018
6,5,2,District Judge and Addl. District Judges,206900000792018
6,5,2,District Judge and Addl. District Judges,206900000782018
6,5,2,District Judge and Addl. District Judges,206900000772018
6,5,2,District Judge and Addl. District Judges,206900000742018
6,5,2,District Judge and Addl. District Judges,206900000172017
6,5,2,District Judge and Addl. District Judges,206900000162017
6,5,2,District Judge and Addl. District Judges,206900000142017
6,5,2,District Judge and Addl. District Judges,206900000132017
6,5,2,District Judge and Addl. District Judges,206900000122017
6,5,2,District Judge and Addl. District Judges,206900000112017
6,5,2,District Judge and Addl. District Judges,206900000102017
6,5,2,District Judge and Addl. District Judges,206900000072017
6,5,2,District Judge and Addl. District Judges,206900000062017
6,5,2,District Judge and Addl. District Judges,206900000052017
6,5,2,District Judge and Addl. District Judges,206900000322016
6,5,2,District Judge and Addl. District Judges,206900000302016
6,5,2,District Judge and Addl. District Judges,206900000282016
6,5,2,District Judge and Addl. District Judges,206900000272016
6,5,2,District Judge and Addl. District Judges,206900000262016
6,5,2,District Judge and Addl. District Judges,206900000252016
6,5,2,District Judge and Addl. District Judges,206900000242016
6,5,2,District Judge and Addl. District Judges,206900000232016
6,5,2,District Judge and Addl. District Judges,206900000182016
6,5,2,District Judge and Addl. District Judges,206900000152016
6,5,2,District Judge and Addl. District Judges,206900000112016
6,5,2,District Judge and Addl. District Judges,206900000092016
6,5,2,District Judge and Addl. District Judges,206900000082016
6,5,2,District Judge and Addl. District Judges,206900000072016
6,5,2,District Judge and Addl. District Judges,206900000052016
6,5,2,District Judge and Addl. District Judges,206900000052015
6,5,2,District Judge and Addl. District Judges,206900000032015
6,5,2,District Judge and Addl. District Judges,206900000022015
6,5,2,District Judge and Addl. District Judges,209500001642018
